Workbook

Sheet 국민
A2: 날짜 | B2: 45992 | D2: 45993 | F2: 45993 | H2: 45994 | J2: 45995 | L2: 45996 | N2: 45997 | P2: 45999 | R2: 46000 | T2: 46000 | V2: 46001 | X2: 46002 | Z2: 46003 | AB2: 46003 | AD2: 46004 | AF2: 46006 | AH2: 46007 | AJ2: 46008 | AL2: 46009 | AN2: 46010 | AP2: 46013 | AR2: 46014 | AT2: 46014 | AV2: 46015 | AX2: 46016 | AZ2: 46017 | BB2: 46020 | BD2: 46021 | BF2: 46022 | BH2: 46022
A3: 잔액 | M3: 279648042 | S3: 200672254 | U3: 205758183 | W3: 208856722 | Y3: 215477304 | AA3: 215601676 | AC3: 224079713 | AE3: 224885581 | AG3: 225075239 | AI3: 248398609 | AK3: 261818420 | AM3: 268210528 | AO3: 274317628 | AQ3: 303899915 | AS3: 239338092 | AU3: 243625665 | AW3: 320002257 | BA3: 362200008 | BC3: 370258580 | BE3: 377941799 | BG3: 382127132
A4: 입금 | B4: KB34245010 | C4: 305350 | D4: KB34245010 | E4: 550608 | F4: Maia | G4: 5100 | H4: KB34245010 | I4: 1023619 | J4: KB34245010 | K4: 7388 | L4: KB34245010 | M4: 1688677 | N4: 카카오페이 | O4: -46000 | P4: KB34245010 | Q4: 51902 | R4: KB34245010 | S4: 518049 | T4: 1/HEALIXINTERNATIONALLTD-FCO(61 | U4: 2498647 | V4: KB34245010 | W4: 1004905 | X4: BC-746948320 | Y4: 34468 | Z4: KB34245010 | AA4: 84513 | AB4: 카카오페이_개인사용 | AC4: 48000 | AD4: 이자세금:18,130원 | AE4: 99658 | AF4: KB34245010 | AG4: 74788 | AH4: KB34245010 | AI4: 467001 | AJ4: KB34245010 | AK4: 1154698 | AL4: BC-746948320 | AM4: 2018840 | AN4: KB34245010 | AO4: 182740 | AP4: KB34245010 | AQ4: 437625 | AR4: KB34245010 | AS4: 484240 | AT4: 국민건강채권 | AU4: 71340000 | AV4: KB34245010 | AW4: 3800287 | AZ4: KB34245010 | BA4: 4276380 | BB4: BC-746948320 | BC4: 1002826 | BD4: BC-746948320 | BE4: 3851984 | BF4: KB34245010 | BG4: 1145931
B5: BC-746948320 | C5: 114416 | D5: BC-746948320 | E5: 654114 | F5: CIGNAHEALTHANDLIFEINSURANCEC | G5: 3366640 | H5: BC-746948320 | I5: 765272 | J5: 하나93117154 | K5: 825775 | L5: BC-746948320 | M5: 1079597 | P5: BC-746948320 | Q5: 92791 | R5: BC-746948320 | S5: 123754 | T5: CIGNAHEALTHANDLIFEINSURANCEC | U5: 499892 | V5: BC-746948320 | W5: 881364 | X5: 하나93117154 | Y5: 85974 | Z5: BC-746948320 | AA5: 841751 | AB5: 카카오페이_개인사용 | AC5: 48000 | AD5: Ramya_진료비 | AE5: 90000 | AF5: BC-746948320 | AG5: 236127 | AH5: BC-746948320 | AI5: 965013 | AJ5: BC-746948320 | AK5: 400523 | AL5: 신한86180874 | AM5: 6843 | AN5: BC-746948320 | AO5: 229627 | AP5: BC-746948320 | AQ5: 117319 | AR5: BC-746948320 | AS5: 215766 | AT5: 현103873463 | AU5: 750167 | AV5: BC-746948320 | AW5: 3903988 | AZ5: 신한86180874 | BA5: 279300 | BB5: 신한86180874 | BC5: 173090 | BD5: 신한86180874 | BE5: 34293 | BF5: BC-746948320 | BG5: 58349
B6: 신한86180874 | C6: 20524 | D6: 신한86180874 | E6: 219792 | F6: KUHN AMY C | G6: 293500 | H6: 신한86180874 | I6: 333335 | J6: 국민건강채권 | K6: 7069090 | L6: 신한86180874 | M6: 3840837 | P6: 신한86180874 | Q6: 94664 | R6: 신한86180874 | S6: 143926 | T6: 이소희 | U6: 100000 | V6: 신한86180874 | W6: 1276692 | X6: 카카오페이_개인사용 | Y6: 48000 | Z6: 신한86180874 | AA6: 630611 | AB6: 디에나_포경수술예약금 | AC6: 100000 | AF6: 신한86180874 | AG6: 64893 | AH6: 신한86180874 | AI6: 100178 | AJ6: 신한86180874 | AK6: 169555 | AL6: 하나93117154 | AM6: 548607 | AN6: 신한86180874 | AO6: 432799 | AP6: 신한86180874 | AQ6: 36609 | AR6: 신한86180874 | AS6: 1108875 | AT6: CIGNAHEALTHANDLIFEINSURANCEC | AU6: 2842547 | AV6: 신한86180874 | AW6: 308336 | AZ6: 하나93117154 | BA6: 4414103 | BB6: 하나93117154 | BC6: 291122 | BD6: 롯데카드36200 | BE6: 5868 | BF6: 신한86180874 | BG6: 124120
B7: 하나93117154 | C7: 411883 | D7: 서울페이가맹 | E7: 377620 | F7: HENNER환불 | G7: HENNER환불 | H7: 롯데카드36200 | I7: 89576 | J7: 현103873463 | K7: 265989 | L7: 하나93117154 | M7: 1370518 | P7: 하나93117154 | Q7: 957931 | R7: 하나93117154 | S7: 7108318 | T7: 하나_KRYSTAL 출산비 | U7: 6819580 | V7: 롯데카드36200 | W7: 3447824 | X7: 카카오페이_개인사용 | Y7: 48000 | Z7: 하나93117154 | AA7: 1176005 | AB7: CIGNALIFEINSURANCEOFEUROPENV | AC7: 100407 | AF7: 하나93117154 | AG7: 403725 | AH7: 하나93117154 | AI7: 4404556 | AJ7: 롯데카드36200 | AK7: 210775 | AL7: NH12744093 | AM7: 4899 | AN7: 하나93117154 | AO7: 1303396 | AP7: 하나93117154 | AQ7: 1834535 | AR7: 하나93117154 | AS7: 563278 | AT7: CIGNAHEALTHANDLIFEINSURANCEC | AU7: 60455 | AV7: 롯데카드36200 | AW7: 107168 | AZ7: 20571604132561 | BA7: -1072602 | BB7: NH12744093 | BC7: 64937 | BD7: CIGNAHEALTHANDLIFEINSURANCEC | BE7: 293188 | BF7: GEOBLUE | BG7: 5709318
B8: 삼성10826832 | C8: 12569 | D8: 하나93117154 | E8: 4830618 | F8: 수지구보건행정과 | G8: 19610 | H8: 의료급여채권 | I8: 234120 | J8: 1/UNITEDHE | K8: 420001 | L8: 서울페이가맹 | M8: 109900 | P8: NH12744093 | Q8: 39306 | R8: NH12744093 | S8: 13086 | T8: 삼성_KRYSTAL 출산비 | U8: 8695420 | V8: 현103873463 | W8: 9797 | X8: 현103873463 | Y8: 99930 | Z8: NH12744093 | AA8: 31158 | AB8: CIGNAEUINSURANCECOMPANYZURICH | AC8: 697461 | AF8: NH12744093 | AG8: 59130 | AH8: NH12744093 | AI8: 23124 | AJ8: COVENTRY H | AK8: 93723 | AL8: 현103873463 | AM8: 139511 | AN8: NH12744093 | AO8: 19596 | AP8: 삼성10826832 | AQ8: 39843 | AR8: NH12744093 | AS8: 39913 | AT8: CIGNAHEALTHANDLIFEINSURANCEC | AU8: 975213 | AV8: 국민건강채권 | AW8: 9695450 | AZ8: 현103873463 | BA8: 134221 | BB8: 삼성10826832 | BC8: 527884
B9: 삼성10826832 | C9: 2428230 | D9: NH12744093 | E9: 73026 | F9: katheri | G9: 100000 | H9: 1/UNITEDHE | I9: 420001 | J9: REIDBREALA | K9: 300000 | L9: 삼성10826832 | M9: 351546 | P9: 삼성10826832 | Q9: 358691 | R9: 삼성10826832 | S9: 140380 | Z9: 삼성10826832 | AA9: 732146 | AF9: 삼성10826832 | AG9: 1034109 | AH9: 삼성10826832 | AI9: 3088002 | AJ9: 서울강서구보건소보건 | AK9: 27170 | AL9: TSS ADMINI | AM9: 3388400 | AN9: YOOHOLL | AO9: 22500 | AP9: 롯데카드36200 | AQ9: 39120 | AR9: 삼성10826832 | AS9: 205618 | AT9: CIGNAINTLHEALTHSERVICESBVBA | AU9: 408210 | AV9: COVENTRY H | AW9: 24352872 | AZ9: 부천시보건소 | BA9: 27170 | BB9: 삼성10826832 | BC9: 250900
B10: 롯데카드36200 | C10: 3596044 | D10: 한도미사용수수료 | E10: -110958 | H10: 1/CIGNA HE | I10: 161200 | J10: TSS ADMINI | K10: 3264300 | L10: 1/BUPA INS | M10: 401000 | P10: 현103873463 | Q10: 380615 | R10: 삼성10826832 | S10: 1374375 | Z10: 삼성10826832 | AA10: 292099 | AF10: 롯데카드36200 | AG10: 12170 | AH10: 삼성10826832 | AI10: 886650 | AJ10: 대전동구보건소(건강 | AK10: 19610 | AN10: 삼성10826832 | AO10: 225679 | AP10: 현103873463 | AQ10: 2933126 | AR10: 삼성10826832 | AS10: 1608269 | AV10: CIGNAHEALTHANDLIFEINSURANCEC | AW10: 29650 | BB10: 롯데카드36200 | BC10: 151885
B11: 현103873463 | C11: 100520 | D11: 삼성10826832 | E11: 2451116 | H11: BLUECROSSBLUESHIELD_SARA 아기비용 | I11: 2999289 | J11: CIGNAHEALTHANDLIFEINSURANCEC | K11: 240923 | L11: 분당보건감염병관리센 | M11: 54340 | P11: AETNAINC | Q11: 266897 | R11: 롯데카드36200 | S11: 81761 | Z11: 롯데카드36200 | AA11: 28429 | AF11: WISCONSIN | AG11: 600000 | AH11: 롯데카드36200 | AI11: 87481 | AJ11: 서재석 | AK11: 800000 | AN11: 삼성10826832 | AO11: 48803 | AR11: 롯데카드36200 | AS11: 61614 | BB11: 1/BUPA INS | BC11: 4958700
B12: 1/CIGNA EU | C12: 541120 | D12: 삼성10826832 | E12: 167649 | H12: CIGNALIFEINSURANCEOFEUROPENV | I12: 1260510 | J12: 서초구임신부인플시행 | K12: 39220 | P12: 카카오페이 | Q12: -23000 | R12: COVENTRY H | S12: 8128535 | Z12: 1/BUPA INS | AA12: 3668100 | AF12: 현103873463 | AG12: 123443 | AH12: 현103873463 | AI12: 3247806 | AJ12: CIGNAHEALTHANDLIFEINSURANCEC | AK12: 3516054 | AN12: 롯데카드36200 | AO12: 23541 | BB12: 현103873463 | BC12: 9700
B13: 서초구B형주산기감염 | C13: 71060 | D13: 롯데카드36200 | E13: 204459 | H13: CIGNAHEALTHANDLIFEINSURANCEC | I13: 421339 | P13: 카카오페이 | Q13: -46000 | R13: 현103873463 | S13: 1918745 | Z13: 현103873463 | AA13: 993225 | AF13: 강남보건소예방접종 | AG13: 54340 | AH13: 김보선 | AI13: 150000 | AN13: COVENTRY H | AO13: 4837830 | BB13: CIGNAHEALTHANDLIFEINSURANCEC | BC13: 252175
B14: CIGNAINTLHEALTHSERVICESBVBA | C14: 322977 | D14: 현103873463 | E14: 383260 | R14: BENEDICTL | S14: 20000 | AF14: TSS ADMINI | AG14: 715300 | AN14: 삼성_SUN(51101) 출산비 | AO14: 22143600
D15: 양평보건정책과 | E15: 19610 | AF15: TSS_JOANNE(50694)_출산비 | AG15: 19945600 | AN15: 현103873463 | AO15: 112176
B16: =SUM(B4:B15) -> 0 | C16: =SUM(C4:C15) -> 7924693 | D16: =SUM(D4:D15) -> 0 | E16: =SUM(E4:E15) -> 9820914 | F16: =SUM(F4:F15) -> 0 | G16: =SUM(G4:G15) -> 3784850 | H16: =SUM(H4:H15) -> 0 | I16: =SUM(I4:I15) -> 7708261 | ... BI16: =SUM(BI4:BI15) -> 0
M17: 90000000 | S17: 30000000 | AQ17: 70000000 | BG17: 170000000
B18: =B3+B16-B17 -> 0 | C18: =C3+C16-C17 -> 7924693 | D18: =D3+D16-D17 -> 0 | E18: =E3+E16-E17 -> 9820914 | F18: =F3+F16-F17 -> 0 | G18: =G3+G16-G17 -> 3784850 | H18: =H3+H16-H17 -> 0 | I18: =I3+I16-I17 -> 7708261 | ... BI18: =BI3+BI16-BI17 -> 0
A20: 지출 | I20: 219779696 | M20: 218453346 | Q20: 217188787 | S20: 216738787 | U20: 240389417 | W20: 240389417 | Y20: 213687807 | AA20: 213627807 | AE20: 198912067 | AG20: 201966621 | AI20: 185121157 | AO20: 180121157 | AQ20: 180101157 | AS20: 211450557 | AW20: 211150557 | AY20: 183450997 | BA20: 183443108 | BC20: 174345257 | BE20: 174225517 | BG20: 173767597 | BI20: 250171047
M21: 90000000 | S21: 30000000 | AQ21: 70000000 | BG21: 170000000
D22: Npay_체온계 | E22: 17520 | H22: (주)해피사 | I22: 82000 | J22: 삼성화andrear | K22: -261060 | L22: 11월 직원급여 | M22: 74515102 | P22: 최선형 | Q22: 450000 | R22: 국세-호움산부인 | S22: 3962130 | V22: ２５１１산재보험 | W22: 511550 | X22: 기은재_산모통역비용 | Y22: 60000 | Z22: (주)갓피플_직원선물 | AA22: 171000 | AD22: 이자세금:9,920원 | AE22: -54554 | AF22: KB카드출금 | AG22: 16231884 | AH22: 현금인출 | AI22: 5000000 | AN22: 205707**86 ,2512-120회차 | AO22: 20000 | AP22: 주식회사디어아이앤디 | AQ22: 38000000 | AR22: 김태진 교수님_빙부금 | AS22: 300000 | AV22: 정환욱 | AW22: 20000000 | AX22: 쿠팡와우월회비 | AY22: 7890 | AZ22: 8119900006913 | BA22: 1600000 | BB22: 대한적십자사혈액관리 | BC22: 119740 | BD22: 주식회사 한국전화안 | BE22: 220000 | BF22: 대한적십자사혈액관리 | BG22: 119740 | BH22: 조대석(대성의료종합 | BI22: 169400
D23: (주)이지엠인터내셔_청진기 | E23: 199000 | H23: 주식회사 굿유 | I23: 75410 | L23: 박길순 | M23: 1992020 | R23: 국세-호움산부인 | S23: 654310 | V23: ２５１１고용보험 | W23: 1360900 | Z23: 대한적십자사혈액관리 | AA23: 59870 | AD23: 김송환(송헬스케어)_골밀도기기 판매 | AE23: -3000000 | AF23: ChunNeungIT | AG23: 613580 | AP23: KT7261900112 | AQ23: 34760 | AV23: 정환욱 | AW23: 6000000 | AZ23: 코원에너지서비스 | BA23: 398170 | BD23: 한국방사선의학재단 | BE23: -20000 | BF23: 강명자(롯데캐슬메디 | BG23: 38500000 | BH23: 백이임(세영프라임) | BI23: 228000
H24: 이옥주 | I24: 900000 | L24: HEWSONKARE(카렌_둘라) | M24: 1934000 | R24: 서울특징정환욱 | S24: 461530 | V24: ２５１１국민연금 | W24: 6007900 | Z24: 대한적십자사혈액관리 | AA24: 59870 | AP24: 코웨이렌탈12 | AQ24: 289760 | AV24: 신용보증기금 | AW24: 1630560 | AZ24: KT통신요금12 | BA24: 57230 | BD24: 서울자동정환욱 | BE24: 257920 | BF24: 서초롯데캐슬메디치 | BG24: 5314190 | BH24: (주)에스씨메딕스 | BI24: 1080200
H25: 김지섭(놂) | I25: 530000 | L25: LLOYDPAIGE(페이지_둘라) | M25: 967000 | R25: 충일사한성자동차 | S25: -8600 | V25: ２５１１국민건강 | W25: 11451260 | Z25: (주)해피사_유니폼 | AA25: 125000 | AP25: KT통신요금12 | AQ25: 22000 | AV25: 김종열(조이플카페 | AW25: 69000 | AZ25: KT6925624412 | BA25: 1950 | BF25: (주)롯데캐슬메디치 | BG25: 2269300 | BH25: 노무법인벽성 | BI25: 165000
L26: 이정원 | M26: 174060 | R26: 김성현(보일러코리아 | S26: 1280000 | V26: (주)신세계_특실커피머신 | W26: 7370000 | Z26: (주)신세계 | AA26: 14300000 | AP26: KT8988722412 | AQ26: 38150 | AZ26: KT8856845412 | BA26: 74900 | BF26: 주식회사비씨아이코리 | BG26: 18700000 | BH26: 태성회계법인 | BI26: 1100000
L27: ZIGANTE LI(리디아) | M27: 2305570 | AP27: ＳＫＴ９３４４ | AQ27: 11000 | AZ27: KT통신요금12 | BA27: 55350 | BF27: <재>서울의과학연구 | BG27: 20000000 | BH27: 임복규(문화그린) | BI27: 232900
L28: 조진호_백여사님 | M28: 790523 | AP28: KT0595226612 | AQ28: 4130 | AZ28: KT0548940912 | BA28: 152230 | BF28: 유니메디 | BG28: 550000 | BH28: (주)메디엔비즈 | BI28: 110000
L29: PIAO CHUNY_박춘월여사님 | M29: 1914660 | AP29: Ｓ１（Ｎ５３７３ | AQ29: 250800 | AZ29: 캐드임팩트 | BA29: 88000 | BF29: (의료)이원의료재단 | BG29: 390000 | BH29: 통인웨어하우스컴퍼니 | BI29: 121990
L30: 유영현 | M30: 2224100 | AZ30: 현대카드대금 | BA30: 4098530 | BF30: 조경주:청운약품 | BG30: 3011270 | BH30: 세스코 | BI30: 155000
L31: VITALEADEL(아델_교육비) | M31: 1320000 | AZ31: 벤츠파이낸셜 | BA31: 2571491 | BF31: 광동제약(주) | BG31: 1983200 | BH31: (주)모유사 | BI31: 204000
L32: 김순화 | M32: 1300000 | BF32: (주)보령바이오파마 | BG32: 95800 | BH32: 일동후디스(주) | BI32: 102000
L33: 박성근(리버스피플) | M33: 712800 | BF33: (주)도원의료관리 | BG33: 1616300 | BH33: 국세-정환욱 | BI33: 28600000
L34: VITALEADEL(아델_교통비) | M34: 72900 | BF34: 휴모스트 녹원 주식 | BG34: 800000 | BH34: 국세-정환욱 | BI34: 32363000
L35: 주인숙 | M35: 600000 | BF35: (주)유한메디켐 | BG35: 246750 | BH35: 퇴직예약출금 | BI35: 6294929
L36: 이형민(모임통장)_방향제 | M36: 420000 | BH36: 정환욱_개인사용반환 | BI36: -66000000
L37: 삼성화12013 | M37: 21824
C39: =SUM(C22:C38) -> 0 | D39: =SUM(D22:D38) -> 0 | E39: =SUM(E22:E38) -> 216520 | F39: =SUM(F22:F38) -> 0 | G39: =SUM(G22:G38) -> 0 | H39: =SUM(H22:H38) -> 0 | I39: =SUM(I22:I38) -> 1587410 | J39: =SUM(J22:J38) -> 0 | ... M39: =SUM(M22:M38) -> 91264559 | Q39: =SUM(Q22:Q38) -> 450000 | S39: =SUM(S22:S38) -> 6349370 | U39: =SUM(U22:U38) -> 0 | W39: =SUM(W22:W38) -> 26701610 | Y39: =SUM(Y22:Y38) -> 60000 | AA39: =SUM(AA22:AA38) -> 14715740 | AC39: =SUM(AC22:AC38) -> 0 | AE39: =SUM(AE22:AE38) -> -3054554 | AG39: =SUM(AG22:AG38) -> 16845464 | AI39: =SUM(AI22:AI38) -> 5000000 | AK39: =SUM(AK22:AK38) -> 0 | AM39: =SUM(AM22:AM38) -> 0 | AO39: =SUM(AO22:AO38) -> 20000 | AQ39: =SUM(AQ22:AQ38) -> 38650600 | AS39: =SUM(AS22:AS38) -> 300000 | AU39: =SUM(AU22:AU38) -> 0 | AW39: =SUM(AW22:AW38) -> 27699560 | AY39: =SUM(AY22:AY38) -> 7890 | BA39: =SUM(BA22:BA38) -> 9097851 | BC39: =SUM(BC22:BC38) -> 119740 | BE39: =SUM(BE22:BE38) -> 457920 | BG39: =SUM(BG22:BG38) -> 93596550 | BI39: =SUM(BI22:BI38) -> 4926419
C40: =C20+C21-C39 -> 0 | D40: =D20+D21-D39 -> 0 | E40: =E20+E21-E39 -> -216520 | F40: =F20+F21-F39 -> 0 | G40: =G20+G21-G39 -> 0 | H40: =H20+H21-H39 -> 0 | I40: =I20+I21-I39 -> 218192286 | J40: =J20+J21-J39 -> 0 | ... M40: =M20+M21-M39 -> 217188787 | Q40: =Q20+Q21-Q39 -> 216738787 | S40: =S20+S21-S39 -> 240389417 | U40: =U20+U21-U39 -> 240389417 | W40: =W20+W21-W39 -> 213687807 | Y40: =Y20+Y21-Y39 -> 213627807 | AA40: =AA20+AA21-AA39 -> 198912067 | AC40: =AC20+AC21-AC39 -> 0 | AE40: =AE20+AE21-AE39 -> 201966621 | AG40: =AG20+AG21-AG39 -> 185121157 | AI40: =AI20+AI21-AI39 -> 180121157 | AK40: =AK20+AK21-AK39 -> 0 | AM40: =AM20+AM21-AM39 -> 0 | AO40: =AO20+AO21-AO39 -> 180101157 | AQ40: =AQ20+AQ21-AQ39 -> 211450557 | AS40: =AS20+AS21-AS39 -> 211150557 | AU40: =AU20+AU21-AU39 -> 0 | AW40: =AW20+AW21-AW39 -> 183450997 | AY40: =AY20+AY21-AY39 -> 183443107 | BA40: =BA20+BA21-BA39 -> 174345257 | BC40: =BC20+BC21-BC39 -> 174225517 | BE40: =BE20+BE21-BE39 -> 173767597 | BG40: =BG20+BG21-BG39 -> 250171047 | BI40: =BI20+BI21-BI39 -> 245244628
A42: 비고

Sheet 총괄
A2: 날짜 | B2: 2015.11.02 | D2: 2015.11.03 | F2: 2015.11.04 | H2: 2015.11.05 | J2: 2015.11.06 | L2: 2015.11.09 | N2: 2015.11.10 | P2: 2015.11.11 | R2: 2015.11.12 | T2: 2015.11.13 | V2: 2015.11.16 | X2: 2015.11.17 | Z2: 2015.11.18 | AB2: 2015.11.19 | AD2: 2015.11.20 | AF2: 2015.11.23 | AH2: 2015.11.24 | AJ2: 2015.11.25 | AL2: 2015.11.26 | AN2: 2015.11.27 | AP2: 2015.11.30
A3: 잔액 | C3: 736880 | E3: 7255564 | G3: 13917238 | I3: 3144203 | K3: 5620464 | M3: 11039405 | O3: 811776 | Q3: 10092742 | S3: 31611276 | U3: 90057590 | W3: 105534541 | Y3: 130872724 | AA3: 103383149 | AC3: 123975155 | AE3: 132080138 | AG3: 157953415 | AI3: 109042427 | AK3: 118314439 | AM3: 140563317 | AO3: 152456512 | AQ3: 111016194
A4: 입금 | B4: 하나은행 | C4: ='하나'!C16 -> #REF! | D4: 하나은행 | E4: ='하나'!E16 -> #REF! | F4: 하나은행 | G4: ='하나'!G16 -> #REF! | H4: 하나은행 | I4: ='하나'!I16 -> #REF! | J4: 하나은행 | K4: ='하나'!K16 -> #REF! | L4: 하나은행 | M4: ='하나'!M16 -> #REF! | N4: 하나은행 | O4: ='하나'!O16 -> #REF! | P4: 하나은행 | Q4: ='하나'!Q16 -> #REF! | R4: 하나은행 | S4: ='하나'!S16 -> #REF! | T4: 하나은행 | U4: ='하나'!U16 -> #REF! | V4: 하나은행 | W4: ='하나'!W16 -> #REF! | X4: 하나은행 | Y4: ='하나'!Y16 -> #REF! | Z4: 하나은행 | AA4: ='하나'!AA16 -> #REF! | AB4: 하나은행 | AC4: ='하나'!AC16 -> #REF! | AD4: 하나은행 | AE4: ='하나'!AE16 -> #REF! | AF4: 하나은행 | AG4: ='하나'!AG16 -> #REF! | AH4: 하나은행 | AI4: ='하나'!AI16 -> #REF! | AJ4: 하나은행 | AK4: ='하나'!AK16 -> #REF! | AL4: 하나은행 | AM4: ='하나'!AM16 -> #REF! | AN4: 하나은행 | AO4: ='하나'!AO16 -> #REF! | AP4: 하나은행 | AQ4: ='하나'!AQ16 -> #REF!
B5: 국민은행 | C5: ='국민'!C16 -> 7924693 | D5: 국민은행 | E5: ='국민'!E16 -> 9820914 | F5: 국민은행 | G5: ='국민'!G16 -> 3784850 | H5: 국민은행 | I5: ='국민'!I16 -> 7708261 | J5: 국민은행 | K5: ='국민'!K16 -> 12432686 | L5: 국민은행 | M5: ='국민'!M16 -> 8896415 | N5: 국민은행 | O5: ='국민'!O16 -> -46000 | P5: 국민은행 | Q5: ='국민'!Q16 -> 2173797 | R5: 국민은행 | S5: ='국민'!S16 -> 19570929 | T5: 국민은행 | U5: ='국민'!U16 -> 18613539 | V5: 국민은행 | W5: ='국민'!W16 -> 6620582 | X5: 국민은행 | Y5: ='국민'!Y16 -> 316372 | Z5: 국민은행 | AA5: ='국민'!AA16 -> 8478037 | AB5: 국민은행 | AC5: ='국민'!AC16 -> 993868 | AD5: 국민은행 | AE5: ='국민'!AE16 -> 189658 | AF5: 국민은행 | AG5: ='국민'!AG16 -> 23323625 | AH5: 국민은행 | AI5: ='국민'!AI16 -> 13419811 | AJ5: 국민은행 | AK5: ='국민'!AK16 -> 6392108 | AL5: 국민은행 | AM5: ='국민'!AM16 -> 6107100 | AN5: 국민은행 | AO5: ='국민'!AO16 -> 29582287 | AP5: 국민은행 | AQ5: ='국민'!AQ16 -> 5438177
B6: 입금 합계 | C6: =C4+C5 -> #REF! | D6: 입금 합계 | E6: =E4+E5 -> #REF! | F6: 입금 합계 | G6: =G4+G5 -> #REF! | H6: 입금 합계 | I6: =I4+I5 -> #REF! | J6: 입금 합계 | K6: =K4+K5 -> #REF! | L6: 입금 합계 | M6: =M4+M5 -> #REF! | N6: 입금 합계 | O6: =O4+O5 -> #REF! | P6: 입금 합계 | Q6: =Q4+Q5 -> #REF! | R6: 입금 합계 | S6: =S4+S5 -> #REF! | T6: 입금 합계 | U6: =U4+U5 -> #REF! | V6: 입금 합계 | W6: =W4+W5 -> #REF! | X6: 입금 합계 | Y6: =Y4+Y5 -> #REF! | Z6: 입금 합계 | AA6: =AA4+AA5 -> #REF! | AB6: 입금 합계 | AC6: =AC4+AC5 -> #REF! | AD6: 입금 합계 | AE6: =AE4+AE5 -> #REF! | AF6: 입금 합계 | AG6: =AG4+AG5 -> #REF! | AH6: 입금 합계 | AI6: =AI4+AI5 -> #REF! | AJ6: 입금 합계 | AK6: =AK4+AK5 -> #REF! | AL6: 입금 합계 | AM6: =AM4+AM5 -> #REF! | AN6: 입금 합계 | AO6: =AO4+AO5 -> #REF! | AP6: 입금 합계 | AQ6: =AQ4+AQ5 -> #REF!
B7: 지급계좌로 이체 | C7: ='하나'!O17+'국민'!C17 -> #REF! | D7: 지급계좌로 이체 | E7: ='하나'!Q17+'국민'!E17 -> #REF! | F7: 지급계좌로 이체 | G7: ='하나'!S17+'국민'!G17 -> #REF! | H7: 지급계좌로 이체 | I7: ='하나'!U17+'국민'!I17 -> #REF! | J7: 지급계좌로 이체 | K7: ='하나'!W17+'국민'!K17 -> #REF! | L7: 지급계좌로 이체 | M7: ='하나'!Y17+'국민'!M17 -> #REF! | N7: 지급계좌로 이체 | O7: ='하나'!AA17+'국민'!O17 -> #REF! | P7: 지급계좌로 이체 | Q7: ='하나'!AC17+'국민'!Q17 -> #REF! | R7: 지급계좌로 이체 | S7: ='하나'!AE17+'국민'!S17 -> #REF! | T7: 지급계좌로 이체 | U7: ='하나'!AG17+'국민'!U17 -> #REF! | V7: 지급계좌로 이체 | W7: ='하나'!AI17+'국민'!W17 -> #REF! | X7: 지급계좌로 이체 | Y7: ='하나'!AK17+'국민'!Y17 -> #REF! | Z7: 지급계좌로 이체 | AA7: ='하나'!AM17+'국민'!AA17 -> #REF! | AB7: 지급계좌로 이체 | AC7: ='하나'!AO17+'국민'!AC17 -> #REF! | AD7: 지급계좌로 이체 | AE7: ='하나'!AQ17+'국민'!AE17 -> #REF! | AF7: 지급계좌로 이체 | AG7: ='하나'!AS17+'국민'!AG17 -> #REF! | AH7: 지급계좌로 이체 | AI7: ='하나'!AU17+'국민'!AI17 -> #REF! | AJ7: 지급계좌로 이체 | AK7: ='하나'!AW17+'국민'!AK17 -> #REF! | AL7: 지급계좌로 이체 | AM7: ='하나'!AY17+'국민'!AM17 -> #REF! | AN7: 지급계좌로 이체 | AO7: ='하나'!BA17+'국민'!AO17 -> #REF! | AP7: 지급계좌로 이체 | AQ7: ='국민'!AQ17 -> 70000000
B8: 잔액 | C8: =C3+C6-C7 -> #REF! | D8: 잔액 | E8: =E3+E6-E7 -> #REF! | F8: 잔액 | G8: =G3+G6-G7 -> #REF! | H8: 잔액 | I8: =I3+I6-I7 -> #REF! | J8: 잔액 | K8: =K3+K6-K7 -> #REF! | L8: 잔액 | M8: =M3+M6-M7 -> #REF! | N8: 잔액 | O8: =O3+O6-O7 -> #REF! | P8: 잔액 | Q8: =Q3+Q6-Q7 -> #REF! | R8: 잔액 | S8: =S3+S6-S7 -> #REF! | T8: 잔액 | U8: =U3+U6-U7 -> #REF! | V8: 잔액 | W8: =W3+W6-W7 -> #REF! | X8: 잔액 | Y8: =Y3+Y6-Y7 -> #REF! | Z8: 잔액 | AA8: =AA3+AA6-AA7 -> #REF! | AB8: 잔액 | AC8: =AC3+AC6-AC7 -> #REF! | AD8: 잔액 | AE8: =AE3+AE6-AE7 -> #REF! | AF8: 잔액 | AG8: =AG3+AG6-AG7 -> #REF! | AH8: 잔액 | AI8: =AI3+AI6-AI7 -> #REF! | AJ8: 잔액 | AK8: =AK3+AK6-AK7 -> #REF! | AL8: 잔액 | AM8: =AM3+AM6-AM7 -> #REF! | AN8: 잔액 | AO8: =AO3+AO6-AO7 -> #REF! | AP8: 잔액 | AQ8: =AQ3+AQ6-AQ7 -> #REF!
A10: 지출 | C10: 469758 | E10: 12502573 | G10: 13089392 | I10: 28820006 | K10: 21075340 | M10: 19575340 | O10: 33792270 | Q10: 17569660 | S10: 17569660 | U10: 32109160 | W10: 31809160 | Y10: 31809160 | AA10: 49566469 | AC10: 47674432 | AE10: 47174432 | AG10: 47086532 | AI10: 101796157 | AK10: 98027607 | AM10: 96768588 | AO10: 96521298 | AQ10: 78814798
B11: 입금계좌에서 이체 | C11: =C7 -> #REF! | D11: 입금계좌에서 이체 | E11: =E7 -> #REF! | F11: 입금계좌에서 이체 | G11: =G7 -> #REF! | H11: 입금계좌에서 이체 | I11: =I7 -> #REF! | J11: 입금계좌에서 이체 | K11: =K7 -> #REF! | L11: 입금계좌에서 이체 | M11: =M7 -> #REF! | N11: 입금계좌에서 이체 | O11: =O7 -> #REF! | P11: 입금계좌에서 이체 | Q11: =Q7 -> #REF! | R11: 입금계좌에서 이체 | S11: =S7 -> #REF! | T11: 입금계좌에서 이체 | U11: =U7 -> #REF! | V11: 입금계좌에서 이체 | W11: =W7 -> #REF! | X11: 입금계좌에서 이체 | Y11: =Y7 -> #REF! | Z11: 입금계좌에서 이체 | AA11: =AA7 -> #REF! | AB11: 입금계좌에서 이체 | AC11: =AC7 -> #REF! | AD11: 입금계좌에서 이체 | AE11: =AE7 -> #REF! | AF11: 입금계좌에서 이체 | AG11: =AG7 -> #REF! | AH11: 입금계좌에서 이체 | AI11: =AI7 -> #REF! | AJ11: 입금계좌에서 이체 | AK11: =AK7 -> #REF! | AL11: 입금계좌에서 이체 | AM11: =AM7 -> #REF! | AN11: 입금계좌에서 이체 | AO11: =AO7 -> #REF! | AP11: 입금계좌에서 이체 | AQ11: =AQ7 -> 70000000
B12: 하나은행 | C12: ='하나'!C39 -> #REF! | D12: 하나은행 | E12: ='하나'!E39 -> #REF! | F12: 하나은행 | G12: ='하나'!G39 -> #REF! | H12: 하나은행 | I12: ='하나'!I39 -> #REF! | J12: 하나은행 | K12: ='하나'!K39 -> #REF! | L12: 하나은행 | M12: ='하나'!M39 -> #REF! | N12: 하나은행 | O12: ='하나'!O39 -> #REF! | P12: 하나은행 | Q12: ='하나'!Q39 -> #REF! | R12: 하나은행 | S12: ='하나'!S39 -> #REF! | T12: 하나은행 | U12: ='하나'!U39 -> #REF! | V12: 하나은행 | W12: ='하나'!W39 -> #REF! | X12: 하나은행 | Y12: ='하나'!Y39 -> #REF! | Z12: 하나은행 | AA12: ='하나'!AA39 -> #REF! | AB12: 하나은행 | AC12: ='하나'!AC39 -> #REF! | AD12: 하나은행 | AE12: ='하나'!AE39 -> #REF! | AF12: 하나은행 | AG12: ='하나'!AG39 -> #REF! | AH12: 하나은행 | AI12: ='하나'!AI39 -> #REF! | AJ12: 하나은행 | AK12: ='하나'!AK39 -> #REF! | AL12: 하나은행 | AM12: ='하나'!AM39 -> #REF! | AN12: 하나은행 | AO12: ='하나'!AO39 -> #REF! | AP12: 하나은행 | AQ12: ='하나'!AQ39 -> #REF!
B13: 국민은행 | C13: ='국민'!C39 -> 0 | D13: 국민은행 | E13: ='국민'!E39 -> 216520 | F13: 국민은행 | G13: ='국민'!G39 -> 0 | H13: 국민은행 | I13: ='국민'!I39 -> 1587410 | J13: 국민은행 | K13: ='국민'!K39 -> -261060 | L13: 국민은행 | M13: ='국민'!M39 -> 91264559 | N13: 국민은행 | O13: ='국민'!O39 | P13: 국민은행 | Q13: ='국민'!Q39 -> 450000 | R13: 국민은행 | S13: ='국민'!S39 -> 6349370 | T13: 국민은행 | U13: ='국민'!U39 -> 0 | V13: 국민은행 | W13: ='국민'!W39 -> 26701610 | X13: 국민은행 | Y13: ='국민'!Y39 -> 60000 | Z13: 국민은행 | AA13: ='국민'!AA39 -> 14715740 | AB13: 국민은행 | AC13: ='국민'!AC39 -> 0 | AD13: 국민은행 | AE13: ='국민'!AE39 -> -3054554 | AF13: 국민은행 | AG13: ='국민'!AG39 -> 16845464 | AH13: 국민은행 | AI13: ='국민'!AI39 -> 5000000 | AJ13: 국민은행 | AK13: ='국민'!AK39 -> 0 | AL13: 국민은행 | AM13: ='국민'!AM39 -> 0 | AN13: 국민은행 | AO13: ='국민'!AO39 -> 20000 | AP13: 국민은행 | AQ13: ='국민'!AQ39 -> 38650600
C14: =SUM(C12:C13) -> #REF! | E14: =SUM(E12:E13) -> #REF! | G14: =SUM(G12:G13) -> #REF! | I14: =SUM(I12:I13) -> #REF! | K14: =SUM(K12:K13) -> #REF! | M14: =SUM(M12:M13) -> #REF! | O14: =SUM(O12:O13) -> #REF! | Q14: =SUM(Q12:Q13) -> #REF! | S14: =SUM(S12:S13) -> #REF! | U14: =SUM(U12:U13) -> #REF! | W14: =SUM(W12:W13) -> #REF! | Y14: =SUM(Y12:Y13) -> #REF! | AA14: =SUM(AA12:AA13) -> #REF! | AC14: =SUM(AC12:AC13) -> #REF! | AE14: =SUM(AE12:AE13) -> #REF! | AG14: =SUM(AG12:AG13) -> #REF! | AI14: =SUM(AI12:AI13) -> #REF! | AK14: =SUM(AK12:AK13) -> #REF! | AM14: =SUM(AM12:AM13) -> #REF! | AO14: =SUM(AO12:AO13) -> #REF! | AQ14: =SUM(AQ12:AQ13) -> #REF!
C15: =C10+C11-C14 -> #REF! | E15: =E10+E11-E14 -> #REF! | G15: =G10+G11-G14 -> #REF! | I15: =I10+I11-I14 -> #REF! | K15: =K10+K11-K14 -> #REF! | M15: =M10+M11-M14 -> #REF! | O15: =O10+O11-O14 -> #REF! | Q15: =Q10+Q11-Q14 -> #REF! | S15: =S10+S11-S14 -> #REF! | U15: =U10+U11-U14 -> #REF! | W15: =W10+W11-W14 -> #REF! | Y15: =Y10+Y11-Y14 -> #REF! | AA15: =AA10+AA11-AA14 -> #REF! | AC15: =AC10+AC11-AC14 -> #REF! | AE15: =AE10+AE11-AE14 -> #REF! | AG15: =AG10+AG11-AG14 -> #REF! | AI15: =AI10+AI11-AI14 -> #REF! | AK15: =AK10+AK11-AK14 -> #REF! | AM15: =AM10+AM11-AM14 -> #REF! | AO15: =AO10+AO11-AO14 -> #REF! | AQ15: =AQ10+AQ11-AQ14 -> #REF!
A17: 총액 | C17: =C8+C15 -> #REF! | E17: =E8+E15 -> #REF! | G17: =G8+G15 -> #REF! | I17: =I8+I15 -> #REF! | K17: =K8+K15 -> #REF! | M17: =M8+M15 -> #REF! | O17: =O8+O15 -> #REF! | Q17: =Q8+Q15 -> #REF! | S17: =S8+S15 -> #REF! | U17: =U8+U15 -> #REF! | W17: =W8+W15 -> #REF! | Y17: =Y8+Y15 -> #REF! | AA17: =AA8+AA15 -> #REF! | AC17: =AC8+AC15 -> #REF! | AE17: =AE8+AE15 -> #REF! | AG17: =AG8+AG15 -> #REF! | AI17: =AI8+AI15 -> #REF! | AK17: =AK8+AK15 -> #REF! | AM17: =AM8+AM15 -> #REF! | AO17: =AO8+AO15 -> #REF! | AQ17: =AQ8+AQ15 -> #REF!

Sheet Sheet3
